{
  "cl_weight": 0.00025817312721198156,
  "reg_weight": 0.972858315193104
}